Id,Id2,Geography,Total; Estimate; All households,Total; Margin of Error; All households,Mean income (dollars); Estimate; All households,Mean income (dollars); Margin of Error; All households,Total; Estimate; All households - With earnings,Total; Margin of Error; All households - With earnings,Mean income (dollars); Estimate; All households - With earnings,Mean income (dollars); Margin of Error; All households - With earnings,"Total; Estimate; All households - With interest, dividends, or net rental income","Total; Margin of Error; All households - With interest, dividends, or net rental income","Mean income (dollars); Estimate; All households - With interest, dividends, or net rental income","Mean income (dollars); Margin of Error; All households - With interest, dividends, or net rental income",Total; Estimate; All households - With Social Security income,Total; Margin of Error; All households - With Social Security income,Mean income (dollars); Estimate; All households - With Social Security income,Mean income (dollars); Margin of Error; All households - With Social Security income,Total; Estimate; All households - With Supplemental Security Income (SSI),Total; Margin of Error; All households - With Supplemental Security Income (SSI),Mean income (dollars); Estimate; All households - With Supplemental Security Income (SSI),Mean income (dollars); Margin of Error; All households - With Supplemental Security Income (SSI),Total; Estimate; All households - With cash public assistance income,Total; Margin of Error; All households - With cash public assistance income,Mean income (dollars); Estimate; All households - With cash public assistance income,Mean income (dollars); Margin of Error; All households - With cash public assistance income,Total; Estimate; All households - With retirement income,Total; Margin of Error; All households - With retirement income,Mean income (dollars); Estimate; All households - With retirement income,Mean income (dollars); Margin of Error; All households - With retirement income,Total; Estimate; FAMILY INCOME BY NUMBER OF WORKERS IN FAMILY - All families,Total; Margin of Error; FAMILY INCOME BY NUMBER OF WORKERS IN FAMILY - All families,Mean income (dollars); Estimate; FAMILY INCOME BY NUMBER OF WORKERS IN FAMILY - All families,Mean income (dollars); Margin of Error; FAMILY INCOME BY NUMBER OF WORKERS IN FAMILY - All families,Total; Estimate; FAMILY INCOME BY NUMBER OF WORKERS IN FAMILY - All families - No workers,Total; Margin of Error; FAMILY INCOME BY NUMBER OF WORKERS IN FAMILY - All families - No workers,Mean income (dollars); Estimate; FAMILY INCOME BY NUMBER OF WORKERS IN FAMILY - All families - No workers,Mean income (dollars); Margin of Error; FAMILY INCOME BY NUMBER OF WORKERS IN FAMILY - All families - No workers,Total; Estimate; FAMILY INCOME BY NUMBER OF WORKERS IN FAMILY - All families - 1 worker,Total; Margin of Error; FAMILY INCOME BY NUMBER OF WORKERS IN FAMILY - All families - 1 worker,Mean income (dollars); Estimate; FAMILY INCOME BY NUMBER OF WORKERS IN FAMILY - All families - 1 worker,Mean income (dollars); Margin of Error; FAMILY INCOME BY NUMBER OF WORKERS IN FAMILY - All families - 1 worker,"Total; Estimate; FAMILY INCOME BY NUMBER OF WORKERS IN FAMILY - All families - 2 workers, husband and wife worked","Total; Margin of Error; FAMILY INCOME BY NUMBER OF WORKERS IN FAMILY - All families - 2 workers, husband and wife worked","Mean income (dollars); Estimate; FAMILY INCOME BY NUMBER OF WORKERS IN FAMILY - All families - 2 workers, husband and wife worked","Mean income (dollars); Margin of Error; FAMILY INCOME BY NUMBER OF WORKERS IN FAMILY - All families - 2 workers, husband and wife worked","Total; Estimate; FAMILY INCOME BY NUMBER OF WORKERS IN FAMILY - All families - 2 workers, other","Total; Margin of Error; FAMILY INCOME BY NUMBER OF WORKERS IN FAMILY - All families - 2 workers, other","Mean income (dollars); Estimate; FAMILY INCOME BY NUMBER OF WORKERS IN FAMILY - All families - 2 workers, other","Mean income (dollars); Margin of Error; FAMILY INCOME BY NUMBER OF WORKERS IN FAMILY - All families - 2 workers, other","Total; Estimate; FAMILY INCOME BY NUMBER OF WORKERS IN FAMILY - All families - 3 or more workers, husband and wife worked","Total; Margin of Error; FAMILY INCOME BY NUMBER OF WORKERS IN FAMILY - All families - 3 or more workers, husband and wife worked","Mean income (dollars); Estimate; FAMILY INCOME BY NUMBER OF WORKERS IN FAMILY - All families - 3 or more workers, husband and wife worked","Mean income (dollars); Margin of Error; FAMILY INCOME BY NUMBER OF WORKERS IN FAMILY - All families - 3 or more workers, husband and wife worked","Total; Estimate; FAMILY INCOME BY NUMBER OF WORKERS IN FAMILY - All families - 3 or more workers, other","Total; Margin of Error; FAMILY INCOME BY NUMBER OF WORKERS IN FAMILY - All families - 3 or more workers, other","Mean income (dollars); Estimate; FAMILY INCOME BY NUMBER OF WORKERS IN FAMILY - All families - 3 or more workers, other","Mean income (dollars); Margin of Error; FAMILY INCOME BY NUMBER OF WORKERS IN FAMILY - All families - 3 or more workers, other",Total; Estimate; PER CAPITA INCOME BY RACE AND HISPANIC OR LATINO ORIGIN - Total population,Total; Margin of Error; PER CAPITA INCOME BY RACE AND HISPANIC OR LATINO ORIGIN - Total population,Mean income (dollars); Estimate; PER CAPITA INCOME BY RACE AND HISPANIC OR LATINO ORIGIN - Total population,Mean income (dollars); Margin of Error; PER CAPITA INCOME BY RACE AND HISPANIC OR LATINO ORIGIN - Total population,Total; Estimate; PER CAPITA INCOME BY RACE AND HISPANIC OR LATINO ORIGIN - Total population - One race-- - White,Total; Margin of Error; PER CAPITA INCOME BY RACE AND HISPANIC OR LATINO ORIGIN - Total population - One race-- - White,Mean income (dollars); Estimate; PER CAPITA INCOME BY RACE AND HISPANIC OR LATINO ORIGIN - Total population - One race-- - White,Mean income (dollars); Margin of Error; PER CAPITA INCOME BY RACE AND HISPANIC OR LATINO ORIGIN - Total population - One race-- - White,Total; Estimate; PER CAPITA INCOME BY RACE AND HISPANIC OR LATINO ORIGIN - Total population - One race-- - Black or African American,Total; Margin of Error; PER CAPITA INCOME BY RACE AND HISPANIC OR LATINO ORIGIN - Total population - One race-- - Black or African American,Mean income (dollars); Estimate; PER CAPITA INCOME BY RACE AND HISPANIC OR LATINO ORIGIN - Total population - One race-- - Black or African American,Mean income (dollars); Margin of Error; PER CAPITA INCOME BY RACE AND HISPANIC OR LATINO ORIGIN - Total population - One race-- - Black or African American,Total; Estimate; PER CAPITA INCOME BY RACE AND HISPANIC OR LATINO ORIGIN - Total population - One race-- - American Indian and Alaska Native,Total; Margin of Error; PER CAPITA INCOME BY RACE AND HISPANIC OR LATINO ORIGIN - Total population - One race-- - American Indian and Alaska Native,Mean income (dollars); Estimate; PER CAPITA INCOME BY RACE AND HISPANIC OR LATINO ORIGIN - Total population - One race-- - American Indian and Alaska Native,Mean income (dollars); Margin of Error; PER CAPITA INCOME BY RACE AND HISPANIC OR LATINO ORIGIN - Total population - One race-- - American Indian and Alaska Native,Total; Estimate; PER CAPITA INCOME BY RACE AND HISPANIC OR LATINO ORIGIN - Total population - One race-- - Asian,Total; Margin of Error; PER CAPITA INCOME BY RACE AND HISPANIC OR LATINO ORIGIN - Total population - One race-- - Asian,Mean income (dollars); Estimate; PER CAPITA INCOME BY RACE AND HISPANIC OR LATINO ORIGIN - Total population - One race-- - Asian,Mean income (dollars); Margin of Error; PER CAPITA INCOME BY RACE AND HISPANIC OR LATINO ORIGIN - Total population - One race-- - Asian,Total; Estimate; PER CAPITA INCOME BY RACE AND HISPANIC OR LATINO ORIGIN - Total population - One race-- - Native Hawaiian and Other Pacific Islander,Total; Margin of Error; PER CAPITA INCOME BY RACE AND HISPANIC OR LATINO ORIGIN - Total population - One race-- - Native Hawaiian and Other Pacific Islander,Mean income (dollars); Estimate; PER CAPITA INCOME BY RACE AND HISPANIC OR LATINO ORIGIN - Total population - One race-- - Native Hawaiian and Other Pacific Islander,Mean income (dollars); Margin of Error; PER CAPITA INCOME BY RACE AND HISPANIC OR LATINO ORIGIN - Total population - One race-- - Native Hawaiian and Other Pacific Islander,Total; Estimate; PER CAPITA INCOME BY RACE AND HISPANIC OR LATINO ORIGIN - Total population - One race-- - Some other race,Total; Margin of Error; PER CAPITA INCOME BY RACE AND HISPANIC OR LATINO ORIGIN - Total population - One race-- - Some other race,Mean income (dollars); Estimate; PER CAPITA INCOME BY RACE AND HISPANIC OR LATINO ORIGIN - Total population - One race-- - Some other race,Mean income (dollars); Margin of Error; PER CAPITA INCOME BY RACE AND HISPANIC OR LATINO ORIGIN - Total population - One race-- - Some other race,Total; Estimate; PER CAPITA INCOME BY RACE AND HISPANIC OR LATINO ORIGIN - Total population - Two or more races,Total; Margin of Error; PER CAPITA INCOME BY RACE AND HISPANIC OR LATINO ORIGIN - Total population - Two or more races,Mean income (dollars); Estimate; PER CAPITA INCOME BY RACE AND HISPANIC OR LATINO ORIGIN - Total population - Two or more races,Mean income (dollars); Margin of Error; PER CAPITA INCOME BY RACE AND HISPANIC OR LATINO ORIGIN - Total population - Two or more races,Total; Estimate; Hispanic or Latino origin (of any race),Total; Margin of Error; Hispanic or Latino origin (of any race),Mean income (dollars); Estimate; Hispanic or Latino origin (of any race),Mean income (dollars); Margin of Error; Hispanic or Latino origin (of any race),"Total; Estimate; White alone, not Hispanic or Latino","Total; Margin of Error; White alone, not Hispanic or Latino","Mean income (dollars); Estimate; White alone, not Hispanic or Latino","Mean income (dollars); Margin of Error; White alone, not Hispanic or Latino",Total; Estimate; PERCENT ALLOCATED - Household income in the past 12 months,Total; Margin of Error; PERCENT ALLOCATED - Household income in the past 12 months,Mean income (dollars); Estimate; PERCENT ALLOCATED - Household income in the past 12 months,Mean income (dollars); Margin of Error; PERCENT ALLOCATED - Household income in the past 12 months,Total; Estimate; PERCENT ALLOCATED - Family income in the past 12 months,Total; Margin of Error; PERCENT ALLOCATED - Family income in the past 12 months,Mean income (dollars); Estimate; PERCENT ALLOCATED - Family income in the past 12 months,Mean income (dollars); Margin of Error; PERCENT ALLOCATED - Family income in the past 12 months,Total; Estimate; PERCENT ALLOCATED - Individual income in the past 12 months,Total; Margin of Error; PERCENT ALLOCATED - Individual income in the past 12 months,Mean income (dollars); Estimate; PERCENT ALLOCATED - Individual income in the past 12 months,Mean income (dollars); Margin of Error; PERCENT ALLOCATED - Individual income in the past 12 months
0500000US27001,27001,"Aitkin County, Minnesota",7640,262,54797,1494,62.5,1.5,53720,1977,23.2,1.2,13077,3002,48.5,1.6,19510,440,5.8,0.9,10386,1189,3.3,0.6,3667,969,28.1,1.6,21843,1022,4992,184,63884,1948,28.7,1.4,46390,2481,29.8,2.1,49492,2557,28.7,2,85565,3908,4.7,1.1,72019,14334,6.7,0.9,102986,6923,1.4,0.5,69732,10369,15722,,25780,792,95,0.2,26303,813,0.4,0.1,11363,6720,2,0.3,17364,4371,0.3,0.1,37179,24141,0,0.1,,,0.1,0.1,,,2.2,0.4,12008,3092,1.2,,14610,5154,94.1,0.1,26421,800,32,,,,30.9,,,,24.5,,,
0500000US27003,27003,"Anoka County, Minnesota",125260,530,87903,1431,83.8,0.5,89094,1439,20.9,0.6,12056,1829,26.6,0.4,19888,358,3,0.3,10195,500,3.2,0.3,3395,445,16.9,0.5,21705,1487,90305,911,99538,1780,10.4,0.5,49395,2704,25.5,0.9,73576,3293,40.6,0.9,118724,2696,8.4,0.6,88005,6903,13,0.6,135947,3458,2.2,0.3,112005,7273,341249,,33051,529,85.5,0.2,35313,561,5.2,0.2,17247,1453,0.7,0.1,21911,3827,4.1,0.1,28251,2200,0,0.1,138101,198748,1.5,0.2,14412,2038,3,0.2,13346,1899,4.1,,15864,1017,83.3,0.1,35762,570,25.3,,,,24.6,,,,19.5,,,
0500000US27005,27005,"Becker County, Minnesota",13495,252,66607,1749,76.1,1,66713,2255,21.5,1.3,15965,1917,36.9,1,18020,395,4.2,0.5,9485,706,3.9,0.7,2470,340,18.4,1.1,21666,1299,9155,252,78251,2239,15.6,1.1,49198,2794,28.4,1.5,56120,3836,39.4,1.6,99540,4557,6.1,1,62347,6588,9,0.8,114560,7544,1.5,0.4,87619,14036,33375,,27188,693,87.8,0.2,28760,749,0.5,0.1,13218,5590,7.5,0.4,16849,2836,0.5,0.1,22424,8275,0,0.1,27080,23612,0.4,0.2,14840,6154,3.3,0.4,13128,2921,1.8,,11040,3807,86.8,0.1,28979,744,30.6,,,,29.5,,,,24.6,,,
0500000US27007,27007,"Beltrami County, Minnesota",16906,285,59322,2564,77.3,1.2,57724,3123,17.9,1.4,15288,3248,32.2,1.1,17410,612,5.7,1,7905,652,5.1,0.8,4461,695,19.3,1.2,22380,1488,10736,282,70538,3756,15.3,1.1,52765,5203,33.8,2.2,51415,8828,32.2,2,96379,5769,10.2,1.7,53345,5375,6.9,1,106786,9816,1.5,0.6,78840,15668,45644,,22845,904,73.6,0.3,26335,1093,0.9,0.2,7196,2802,21.1,0.7,12531,1085,0.9,0.1,45376,32691,0.1,0.1,11538,5691,0.2,0.2,4296,2944,3.2,0.7,10677,2531,2.1,,4805,1781,72.9,0.1,26516,1090,22.7,,,,22.1,,,,19.6,,,
0500000US27009,27009,"Benton County, Minnesota",15726,219,64567,1997,80.3,1.5,66738,2242,18.2,1.2,9006,1986,27.9,1.6,17320,951,4.5,0.9,9689,1179,4.2,1.1,2067,713,14.6,1.4,17639,1476,10318,304,74460,2412,12.9,1.6,41074,5285,26.7,2,46647,3176,39.6,2.1,93531,3298,6.9,1.3,53568,7183,11.2,1.3,122715,10256,2.8,0.9,82192,12741,39457,,25984,748,93.9,0.2,26720,725,2.7,0.5,13126,2700,0.4,0.1,8998,4583,1.1,0.2,31631,24424,0,0.1,,,0.1,0.1,37925,18875,1.9,0.5,7403,2916,2,,13278,4723,92.1,0.1,27005,721,30.6,,,,30,,,,25.2,,,
0500000US27011,27011,"Big Stone County, Minnesota",2226,82,62406,3191,70.3,2.4,64443,4318,32.2,3,13296,2617,42.2,2.5,15970,785,3.2,1.1,8161,1882,3.2,1.4,2487,1575,19.8,2.2,18924,2896,1441,82,74509,3873,18.9,2.7,38237,5292,26,3.5,51201,4962,40.2,4.1,94884,6006,4.9,1.6,81313,15430,9.2,1.7,123038,16664,0.8,0.6,62800,14282,5098,,27820,1439,98.8,0.7,28012,1479,0.2,0.2,,,0,0.3,,,0,0.3,,,0,0.3,,,0.1,0.1,,,0.9,0.7,,,1.3,,13258,7535,97.8,0.6,28192,1499,34.1,,,,35,,,,28.1,,,
0500000US27013,27013,"Blue Earth County, Minnesota",25081,328,69198,2010,81.8,1,69279,2296,21.9,1.1,15445,2909,25.2,1,18474,529,3.6,0.5,8989,947,2.6,0.6,2124,475,13,0.8,22874,1290,14383,363,87699,2637,12,0.9,56363,6212,26.4,1.8,64415,5310,44.7,2.2,104527,3547,6.4,1,69357,8155,9,0.8,125841,8113,1.5,0.5,97265,16934,65524,,27324,748,91.6,0.2,28322,800,3.3,0.3,12411,3378,0.4,0.1,23040,10384,2.1,0.2,28051,8526,0,0.1,,,0.5,0.2,12662,4918,2.1,0.4,10836,4345,3.1,,17958,3643,89.3,0.1,28503,821,33.8,,,,30.4,,,,28.4,,,
0500000US27015,27015,"Brown County, Minnesota",10641,228,67080,2169,76.5,1.5,66994,2564,29.6,1.8,16250,3398,36.4,1.5,17398,709,3,0.7,7737,1050,2.7,0.6,1866,445,17.1,1.7,18309,2013,6798,244,79883,2805,15,1.8,50630,3899,23.5,2.4,58966,6764,45,2.3,92952,4216,4,1.1,67628,7010,11.2,1.4,114791,9665,1.5,0.7,79611,14223,25327,,28444,864,97.1,0.6,28876,927,0.2,0.1,3661,3262,0.2,0.2,10905,4262,0.7,0.3,26570,10368,0.1,0.1,,,0.9,0.5,10397,2488,0.8,0.2,12410,12371,3.9,,11630,2535,94.3,0.1,29370,933,31.6,,,,31.4,,,,26.3,,,
0500000US27017,27017,"Carlton County, Minnesota",13289,266,65280,2025,73.1,1.4,69069,2225,19.4,1.5,10781,3190,33.2,1.3,18261,722,5.2,0.9,8926,642,3.6,0.8,3161,645,22.3,1.3,20234,1433,8809,277,77251,2615,16.2,1.5,45722,5632,29.3,2,58211,3181,36.9,2.1,96034,3736,6.3,1.1,68138,6279,9.8,1.3,116787,7419,1.5,0.6,105660,17425,35482,,25714,682,89.4,0.3,27025,745,1.5,0.2,12779,5927,5.2,0.5,17868,2516,0.6,0.2,9176,3700,0,0.1,,,0.2,0.1,18502,14877,3.2,0.6,11193,2703,1.7,,12321,3513,88.4,0.1,27155,736,37.9,,,,36.2,,,,31.4,,,
0500000US27019,27019,"Carver County, Minnesota",34990,275,115628,2672,86.8,0.8,119407,3195,26.1,1.3,12974,1605,21.3,0.8,19463,672,1.7,0.4,10952,2258,1.1,0.4,5524,2883,12.7,0.9,23825,2954,26142,457,134864,3681,7.2,0.8,53708,4631,22.1,1.7,122631,10537,49.8,1.6,146656,5381,7,0.9,105081,11909,12,1.1,173210,12548,2,0.5,141240,22258,97143,,41759,993,92.9,0.4,43040,1055,1.4,0.2,21166,4866,0.1,0.1,19793,9779,2.8,0.3,34662,5228,0.1,0.1,,,0.5,0.2,17946,6053,2.2,0.3,18717,5963,4,,16168,1747,89.9,0.1,43901,1087,23.6,,,,23.1,,,,17.9,,,
0500000US27021,27021,"Cass County, Minnesota",12806,676,61510,1397,71.2,0.8,56967,1679,23.9,1,17683,1931,42.4,0.8,18994,323,5.7,0.6,8995,654,4.3,0.6,3074,519,24.6,0.9,25164,1216,8918,426,69595,1922,23.3,1.1,53438,3132,30.2,1.6,57451,3950,32.1,1.4,90141,3711,6.4,0.8,58623,4912,6.5,0.8,93977,4398,1.3,0.3,65292,9399,28633,,26844,851,84.9,0.2,29372,965,0.3,0.1,14025,6407,11.1,0.4,12512,1041,0.6,0.1,15751,3841,0,0.1,10385,4155,0.1,0.1,29758,13102,2.9,0.4,11482,2132,1.8,,13496,2058,83.7,0.1,29592,974,32.3,,,,32.7,,,,25,,,
0500000US27023,27023,"Chippewa County, Minnesota",4997,190,65489,3378,78,2.6,64406,3960,28.7,3.3,13865,2617,35.1,2.5,16958,947,2.8,1.1,7741,1685,1.5,0.8,4511,3318,18.1,2.9,19929,3343,3259,190,78714,4523,10,2.2,49668,8114,26.8,4.3,53912,7254,46.3,3.9,93442,7340,4.8,1.4,67452,17769,10.9,2.5,110612,9351,1.3,1.4,64300,20669,12126,,27781,1302,92.9,0.7,28808,1420,0.5,0.3,16703,8231,1.5,0.3,23025,10053,0.7,0.2,12498,3113,1.1,0.1,9640,4279,1.8,0.8,18866,11727,1.6,0.5,4692,2873,6,,15690,3775,89.3,0.1,29412,1458,38.1,,,,33.4,,,,29.1,,,
0500000US27025,27025,"Chisago County, Minnesota",19790,262,81659,1996,80.2,1.1,83765,2575,22.5,2,9561,1393,30.3,1,19758,694,4.7,0.8,10611,1041,3.1,0.9,2051,337,19.9,1.2,22254,1679,14193,342,92808,2663,12.7,1.3,54152,4799,22.6,2.1,70140,5260,43.1,2.2,108327,4753,7.5,1,81413,9271,11.3,1.3,125309,7519,2.8,1,111762,19941,54041,,30455,756,95.6,0.2,31092,777,1.2,0.2,6155,3882,0.4,0.1,20167,11775,0.7,0.2,26617,6411,0,0.1,,,0.2,0.2,13788,5778,1.8,0.2,19067,6389,1.9,,18009,3211,94.1,0.1,31278,774,28.1,,,,26.4,,,,22.1,,,
0500000US27027,27027,"Clay County, Minnesota",23034,317,70664,1950,82.3,1.2,71261,2149,19.6,1.3,15456,2619,25.8,1.1,18517,711,4.1,0.7,9870,1377,3.4,0.6,2480,557,12.2,1,21028,2051,14899,326,86305,2833,11,1.1,45658,4190,25.4,2.4,64901,6336,47.1,2.1,101531,3551,5.9,1.3,64554,8037,9,1.2,130539,8471,1.7,0.6,87921,13308,61402,,27165,681,92.2,0.3,28326,717,2.1,0.3,13095,3811,1.3,0.2,12942,3791,1,0.2,13315,6053,0,0.1,7027,2760,0.4,0.2,16366,4402,2.9,0.5,13498,2976,4.2,,12309,1795,89.1,0.1,28863,716,26.8,,,,24.3,,,,21.2,,,
0500000US27029,27029,"Clearwater County, Minnesota",3435,79,58098,2841,70.7,1.7,62248,3716,18.7,1.7,9094,2457,42.7,1.7,15836,597,5.4,1,7981,678,5.4,1.2,1980,395,18.5,1.8,19516,1324,2260,87,68301,3527,18.8,1.8,35098,3234,32.5,2.5,52478,4141,33.3,2.4,93844,6932,7.1,1.4,64947,13189,6.5,1.2,101595,12788,1.8,1.1,119624,42435,8764,,23777,1134,86.3,0.3,25476,1292,0.3,0.2,46245,35723,9.2,0.5,11462,1803,0.5,0.1,28570,15716,0.1,0.1,16582,3283,0.1,0.1,45542,28753,3.5,0.5,10700,2918,1.7,,12023,3357,85.3,0.1,25604,1319,33.9,,,,32.1,,,,27.7,,,
0500000US27031,27031,"Cook County, Minnesota",2661,412,66856,6738,77.3,2.9,60217,6602,39.7,5.2,9450,2794,36.3,4.5,20607,1332,4.7,1.7,12159,1892,1,1.1,6304,3140,21.6,3.7,34044,11049,1653,270,82755,9452,17.7,3.1,64399,23748,27,3.9,85611,22925,42.1,3.8,89860,10356,6.5,2.4,62240,24213,5,2,94311,18105,1.6,1.2,98467,41497,5215,,32774,3043,86.8,0.5,34607,3044,0.3,0.2,23753,13050,8.2,0.9,23815,11219,0.9,0.2,10594,18188,0.4,0.4,,,1.3,0.6,24557,15932,2.1,0.8,9519,5002,1.9,,50472,42786,86.2,0.1,34097,2965,36.7,,,,39,,,,30.4,,,
0500000US27033,27033,"Cottonwood County, Minnesota",4822,128,61233,3109,73.1,2.3,62660,3607,30.4,2.7,14757,4299,38.6,2,16948,755,4,1.2,10149,1864,3.8,1.2,2569,721,15.6,1.9,17994,2237,3094,161,72901,4335,14.2,2.5,34744,5535,28.3,3,59273,6290,40.2,3.8,91624,7968,6.2,1.9,54938,9632,10.6,1.9,99560,12195,0.5,0.3,75327,8348,11557,,25967,1320,90.6,1.6,27705,1492,0.6,0.3,16547,11739,0.5,0.2,23030,19374,2.9,0.4,13173,2472,0,0.1,,,3.7,1.6,5856,2112,1.7,0.5,2867,1604,6.8,,8480,1681,87.7,0.2,28236,1490,31,,,,32.2,,,,25.3,,,
0500000US27035,27035,"Crow Wing County, Minnesota",26398,395,68600,2619,71.2,1.2,68820,3308,21.1,1,20108,4687,39.4,1,19283,437,5.2,0.8,10028,501,3.1,0.6,2426,628,21.8,0.9,23546,1489,17657,418,81137,3739,20.8,1.2,56071,6066,27.2,1.5,61892,4989,35.1,1.6,102049,5407,6.9,1.1,66566,6262,8.6,0.9,128679,30308,1.4,0.6,85602,18126,63321,,29106,1138,96.3,0.1,29542,1150,0.6,0.1,16029,5401,1.2,0.2,20021,10417,0.5,0.1,21759,11785,0,0.1,,,0.1,0.1,22180,8327,1.4,0.2,14744,7878,1.4,,16344,3484,95.3,0.1,29683,1154,27.5,,,,26.4,,,,22,,,
0500000US27037,27037,"Dakota County, Minnesota",157696,685,96118,1112,84.3,0.4,96655,1266,24.1,0.5,15920,1589,24.4,0.4,20160,283,3.3,0.3,10213,477,2.8,0.3,3124,441,16.5,0.4,24646,746,109336,1079,112437,1663,9.4,0.4,63426,4989,25.8,0.8,83383,3068,41.9,0.9,131965,1985,8.2,0.5,91137,5446,12.3,0.6,157407,5791,2.3,0.3,117937,12340,411402,,37266,419,83.8,0.3,40229,480,5.4,0.2,21738,2041,0.3,0.1,22248,4478,4.6,0.1,32210,2321,0,0.1,40056,13109,2.8,0.3,15277,1797,3.2,0.2,13184,1453,6.6,,17973,1677,80.3,0.1,41021,463,22.5,,,,22.6,,,,17.8,,,
0500000US27039,27039,"Dodge County, Minnesota",7583,135,80735,2300,83.4,1.6,81598,2458,23.3,1.9,11879,2436,27.1,1.6,18732,596,2.8,0.9,9747,1993,1.7,0.6,3481,2034,16.6,1.7,19671,2909,5587,168,92450,3369,9.9,1.1,49356,5941,22,2.4,64115,6151,46.6,2.6,107212,4587,8.5,1.9,77027,13701,11.5,1.5,123048,7627,1.5,0.9,188394,89901,20361,,30495,934,96.4,0.4,31122,917,0.3,0.2,11393,6872,0.3,0.1,34220,14840,0.9,0.1,14874,15418,0,0.1,,,0.8,0.3,13461,5330,1.3,0.4,9172,3429,4.9,,11581,1205,92.7,0.1,31904,972,26.4,,,,24.8,,,,21.7,,,
0500000US27041,27041,"Douglas County, Minnesota",15688,285,73795,3756,73.3,1.2,76208,4471,27.2,1.6,16946,2305,37.3,1.1,18686,512,3,0.7,9648,773,2.4,0.6,2499,665,19.1,1.5,22504,1620,10285,266,89258,4781,18.4,1.4,56723,4930,22.7,1.7,68011,6920,43.4,2.1,105979,10357,3.8,1,86140,24489,9.9,1.2,119637,7412,1.8,0.9,126042,23616,36862,,31640,1437,97.4,0.2,31941,1459,0.6,0.1,49527,58842,0.4,0.1,14251,6847,0.2,0.1,26716,18302,0,0.1,,,0.4,0.2,22315,14025,1.1,0.2,5508,3971,1.4,,14347,4338,96.3,0.1,32132,1475,29.3,,,,27.8,,,,23.7,,,
0500000US27043,27043,"Faribault County, Minnesota",6347,128,62676,2631,73.9,1.8,63255,3132,25.6,1.7,16867,2858,37.2,1.9,17998,636,4.3,1,8491,670,2.8,0.7,2781,1199,14.4,1.5,15826,1802,4046,140,72368,2655,16.7,2.1,51542,7559,27.1,2.3,57657,4281,42,3,87857,3819,6.4,1.4,57891,9314,6.5,0.9,102830,6615,1.4,0.5,66045,8950,14119,,28168,1254,97.5,0.4,27709,829,0.2,0.2,5364,8249,0.1,0.1,,,0.3,0.1,10213,9593,0,0.1,,,0.6,0.4,17836,12793,1.4,0.3,73211,66809,6.2,,11847,2591,91.9,0.1,28704,862,35.4,,,,35.3,,,,28.9,,,
0500000US27045,27045,"Fillmore County, Minnesota",8540,144,67397,1555,77.9,1.2,67161,1730,28.7,1.3,14091,2010,34.6,1.2,17450,450,3.3,0.5,9210,944,2.3,0.5,2817,693,17.1,1.2,18637,1403,5798,137,80834,2273,13.3,1.2,47674,5377,25.1,1.8,56322,4128,45.3,1.6,98700,4531,4.7,0.7,67365,9399,9.9,1.1,107816,6152,1.7,0.7,105922,25342,20877,,27777,638,98.2,0.2,28084,662,0.4,0.1,16553,12507,0.1,0.1,12600,8123,0.4,0.1,10334,8463,0,0.1,,,0.2,0.2,19527,3874,0.7,0.2,6868,5359,1.3,,11518,3011,97.1,0.1,28286,672,27.6,,,,26.3,,,,22.4,,,
0500000US27047,27047,"Freeborn County, Minnesota",13046,202,63104,2014,74.5,1.3,62141,2373,26.6,1.5,18505,4445,37,1.3,18686,532,4.7,1,9911,833,2.6,0.8,2612,888,18.4,1.2,16647,1574,8342,211,75222,3036,16.9,1.5,50501,6122,29.2,2.4,57373,7181,36.4,2.2,95872,5123,6.4,1.1,58261,4909,9.2,1.5,105907,7035,1.8,0.6,83258,18879,30751,,27332,794,94.7,0.5,28118,856,1.3,0.1,5866,1882,0.3,0.1,18117,6735,1.4,0.4,18974,8886,0,0.1,,,1.1,0.5,13609,2430,1.2,0.4,12100,3579,9.4,,12450,1373,86.8,0.2,29546,932,26.1,,,,25.9,,,,21.1,,,
0500000US27049,27049,"Goodhue County, Minnesota",19051,248,76858,3137,77.5,1.5,75037,2057,28.9,1.3,20713,9335,33.5,1,19029,558,4.5,1,10819,983,2.2,0.6,2164,543,19.8,1.1,21293,1391,12777,310,89891,2637,13.1,1.4,51485,4184,27.2,2.1,66567,4550,40.1,2.4,110962,4599,6.9,1.2,71920,8850,11.6,1.3,126214,6322,1,0.3,84527,13438,46450,,31830,1395,95.3,0.2,32458,1449,1.2,0.2,5052,1728,1.1,0.2,37985,17867,0.5,0.2,22809,5708,0,0.1,,,0.1,0.1,25086,10279,1.7,0.5,14438,4267,3.1,,14220,2451,92.6,0.1,33017,1479,26.9,,,,26.1,,,,21,,,
0500000US27051,27051,"Grant County, Minnesota",2547,85,68623,2988,77.2,1.8,65297,3049,30,1.9,21219,5657,38.7,2,17553,831,3.7,0.8,10737,1449,3.2,0.8,2802,1061,16.5,1.7,18272,2081,1749,77,77906,3836,14.6,2.5,46117,5639,30.8,3.2,57816,6202,41.7,3,97643,8104,5,1.8,63864,10555,6.6,1.3,120800,15384,1.4,0.8,110071,40623,5943,,29446,1537,97.5,0.2,29771,1569,0,0.1,,,0.4,0.2,23473,16441,0.1,0.1,13100,11190,0,0.3,,,0.2,0.2,,,1.7,0.3,17641,5105,1.9,,17533,11553,95.8,0.1,29929,1583,29.3,,,,27.4,,,,22.6,,,
0500000US27053,27053,"Hennepin County, Minnesota",493832,1594,95858,792,82.4,0.2,98074,904,26.5,0.4,19892,913,23.7,0.2,19232,156,4.4,0.2,9764,228,4.7,0.2,2995,178,13.7,0.2,25238,788,284568,2071,120780,1317,10.5,0.3,60096,2723,28,0.5,98389,3128,41.3,0.6,148921,2080,8.8,0.4,93840,3958,8.9,0.3,160413,5022,2.5,0.2,115615,10278,1209265,,39939,338,73.8,0.2,46688,441,12.4,0.1,16607,515,0.7,0.1,21623,3292,6.9,0.1,32581,1183,0,0.1,13135,5323,2.7,0.2,16021,1633,3.5,0.2,17465,1228,6.8,,17146,818,70.1,0.1,48110,447,24.5,,,,24.8,,,,20.3,,,
0500000US27055,27055,"Houston County, Minnesota",7989,162,67342,2124,77.1,1.7,67144,2573,29.9,2.2,12714,2987,34.5,1.5,18557,749,3.9,0.9,8645,943,2.7,0.9,2132,554,17.7,1.7,19013,1839,5401,178,79760,3034,15.3,1.8,49642,5736,25.4,2.5,59294,6687,42,2.6,96817,4912,5.7,1.5,63440,12209,10.3,1.4,114002,11551,1.3,0.5,83539,11418,18791,,29007,875,97.2,0.1,29353,887,0.5,0.1,18416,13721,0.2,0.1,19726,12865,0.4,0.2,31883,15103,0,0.1,,,0.2,0.1,43788,20925,1.5,0.3,8811,2658,0.9,,14865,9261,96.5,0.1,29506,886,23.7,,,,22.2,,,,19,,,
0500000US27057,27057,"Hubbard County, Minnesota",8741,205,63001,1877,71.2,1.3,61188,2332,27,1.5,13364,1804,42.3,1.1,18854,523,5.3,1.1,10261,1258,3.7,0.8,2764,466,24.1,1.2,23651,1546,6134,162,72989,2488,22.8,1.4,52544,3424,26.4,1.9,57634,3215,35.9,1.6,90948,4325,5,0.9,65485,7653,8.6,1.4,103973,14173,1.4,0.6,70780,11880,20640,,26417,744,94.3,0.2,26972,740,0.7,0.2,3531,2005,2.1,0.3,13094,3528,0.6,0.1,27225,11683,0,0.1,,,0.3,0.1,23347,14443,2,0.5,22451,8600,1.9,,17627,6805,93.3,0.1,27046,745,30,,,,28.8,,,,23.5,,,
0500000US27059,27059,"Isanti County, Minnesota",14403,169,74313,2549,81.1,1.2,74661,3024,19.2,1.4,11367,2362,31.3,1.3,18818,624,3.5,0.7,11355,1237,3,0.6,2930,861,18.3,1.4,19207,1432,9989,302,85264,3277,13.6,1.3,44381,3503,25.7,2.3,66076,4974,39.6,2.4,106969,6404,8.9,1.6,68566,15064,10,1.3,116777,6193,2.3,0.7,94964,18578,38461,,28676,1097,95.8,0.3,29202,1119,0.6,0.2,12318,9650,0.5,0.2,18404,6036,0.9,0.2,30545,17415,0,0.1,,,0.4,0.3,10906,6766,1.9,0.4,12894,2719,1.8,,16393,3674,94.4,0.2,29353,1118,32,,,,31.9,,,,26.2,,,
0500000US27061,27061,"Itasca County, Minnesota",19126,352,60554,1484,69.7,1.4,61012,2054,21.9,1.4,12720,2894,41.5,1.4,18511,438,4.8,0.7,9902,685,3.3,0.6,2465,434,25.8,1.3,20219,1134,12957,357,70273,1882,21.3,1.5,46620,3886,28.6,1.9,56774,3615,33.8,1.9,87957,3896,6.2,1.2,63267,8402,9.2,1.2,104879,7708,0.9,0.3,91005,24077,45356,,25862,678,93,0.2,26551,708,0.5,0.1,7062,4256,3.5,0.3,17595,2356,0.4,0.1,32249,17469,0,0.1,,,0.2,0.1,13968,5951,2.4,0.4,14997,4746,1.3,,14173,3238,92.2,0.1,26628,706,29.7,,,,28.5,,,,23.7,,,
0500000US27063,27063,"Jackson County, Minnesota",4335,118,68237,2746,80.9,1.5,66882,3350,29.7,2.3,15251,2965,33.4,1.7,17072,808,4.4,1.2,9056,1273,2.6,1.3,2631,850,12,1.5,16456,2227,2913,135,81521,3470,12.8,1.8,52025,8918,25.6,2.7,55468,6260,44.2,2.6,98208,5966,5.7,1.4,71778,10046,10.6,1.9,115022,9734,1.1,0.7,87126,15771,10163,,28958,1008,95.6,0.4,29423,1041,0.2,0.2,4174,2809,0.1,0.1,,,2.2,0.8,15412,5124,0,0.1,,,0.9,0.4,20117,5202,1,0.7,29987,22968,3.3,,11180,3094,93.3,0.2,29954,1061,32.2,,,,30.9,,,,25.2,,,
0500000US27065,27065,"Kanabec County, Minnesota",6290,131,60488,2282,74.4,1.6,61436,2901,18.7,1.6,8633,2222,38.7,1.7,17503,772,6,1.2,10520,1146,3.8,0.9,2126,459,22.3,1.6,17633,1657,4299,154,69533,3138,17.7,1.8,39154,4014,28.6,2.3,53859,3546,33.8,2.2,88104,6969,9.4,1.8,52924,5665,9.7,1.7,118254,15117,0.7,0.4,120363,30118,15918,,24582,912,96.7,0.2,24968,926,0.3,0.1,11070,7106,1,0.2,24725,6200,0.5,0.2,8487,10583,0,0.1,,,0.2,0.1,,,1.4,0.3,9291,2447,1.5,,10090,2015,95.4,0.1,25152,938,32.3,,,,32.8,,,,25.2,,,
0500000US27067,27067,"Kandiyohi County, Minnesota",16737,268,69335,1974,78,1.4,69948,2323,23.6,1.2,14671,1982,31.4,1.1,19333,591,3.7,0.7,10252,1013,3.3,0.8,2443,498,16.1,1.1,20830,1378,11532,279,81977,2534,15.1,1.4,50418,4310,25,2.1,58834,5051,41.8,1.8,100005,3820,6.7,1.4,60505,6256,9.7,1.1,114620,6955,1.7,0.7,158280,90884,42510,,28165,708,88.8,1.3,30360,856,3.7,0.4,9141,3859,0.6,0.3,14720,8274,0.7,0.1,11589,3618,0,0.1,,,4.8,1.4,11125,1718,1.4,0.5,11267,3878,11.7,,12870,1102,82.7,0.1,31589,854,31.6,,,,31.1,,,,27.3,,,
0500000US27069,27069,"Kittson County, Minnesota",1913,71,66594,3895,75.8,2.6,62312,4498,28,2.4,22563,4861,39.8,2.6,15778,819,4.2,1.9,10036,1868,1.4,0.7,2252,831,19,2.3,24723,5899,1183,75,79384,5525,14.8,2.1,43921,11728,26.6,3.3,66145,9361,38.6,3.7,93917,4747,7.8,2.1,72475,42024,10.1,3.8,117926,16369,2,1.4,68771,22044,4436,,29939,1411,98,0.3,30245,1363,0.6,0.4,11321,13128,0.2,0.3,20533,9179,0.4,0.4,16153,90456,0,0.4,,,0,0.1,,,0.7,0.6,14367,11679,1.9,,15392,6521,96.3,0.1,30537,1373,38.8,,,,40.5,,,,33.8,,,
0500000US27071,27071,"Koochiching County, Minnesota",5732,218,59594,4074,69.1,2.8,61227,4642,23.1,3,12610,6113,41.3,2.4,19012,1038,3.8,1.2,7682,1496,2.7,1.2,1406,411,24.9,2.3,19077,2059,3654,199,74127,5723,20.4,2.8,58711,12786,27.8,4.2,54121,8092,36.2,3.9,92017,9874,8.3,2.4,63744,15974,5.9,1.9,125790,19159,1.3,1,77206,16707,12930,,26814,1753,93.6,0.1,27674,1812,0.9,0.6,1213,1648,3.6,0.8,15127,3612,0.4,0.3,11323,3678,0,0.1,,,0,0.1,,,1.3,0.7,21145,12275,0.2,0.2,33620,16268,93.5,0.1,27659,1806,25.1,,,,25.5,,,,21.4,,,
0500000US27073,27073,"Lac qui Parle County, Minnesota",3111,90,68230,3718,75.2,1.7,67744,4859,31.8,2,16788,3428,39.2,1.9,17093,657,4.4,1,9477,1032,2.7,1,2533,519,16.2,2,17541,1784,2013,67,84103,5492,15.9,2,43939,6193,28.7,2.9,80841,11711,39.4,3.4,99586,7369,6,1.4,71248,34038,8.9,1.6,108422,16641,1.1,0.7,67514,28362,6916,,30816,1452,97.2,0.4,31367,1504,1,0.3,8041,3388,0.2,0.1,27614,11512,0.4,0.2,15818,6645,0,0.3,,,0.4,0.4,11438,4370,0.8,0.3,10073,7801,2.1,,14919,5159,95.7,0.1,31609,1519,37,,,,39.2,,,,31,,,
0500000US27075,27075,"Lake County, Minnesota",5207,185,66304,3602,67.8,2,67764,4971,29.4,3,14284,3780,40.5,2.1,19683,994,3.6,0.9,10824,1438,2.6,0.9,2609,981,25.9,2.5,22438,2638,3285,158,79868,4889,20.7,2.2,52857,6699,30.4,4.2,64425,6679,33.9,3.9,105889,10689,5.3,1.7,59795,9629,7.8,2,115636,14800,1.9,1.4,66041,17339,10721,,31215,1590,96.9,0.4,31651,1619,0.9,0.5,13843,11865,0.5,0.4,22743,13592,0,0.2,,,0.1,0.1,,,0.4,0.4,25262,20991,1.2,0.4,15970,6006,1.4,,24583,13914,96,0.2,31716,1592,31.3,,,,31.8,,,,24.8,,,
0500000US27077,27077,"Lake of the Woods County, Minnesota",1551,144,52530,3955,73.3,5.7,53014,3863,27,5.7,5450,1833,42.4,5.6,15245,1895,2,1.6,8326,1111,2.4,1.9,2919,1713,20.8,4.4,20656,4208,973,131,62212,5797,17,5.8,,,23.3,7.8,,,49.1,7.6,,,7.2,3.6,,,2.3,1.8,,,1.1,1.8,,,3901,,23234,1819,94,0.1,23603,1881,0.1,0.2,,,0.3,0.4,,,1.2,1.1,,,0,0.4,,,0,0.4,,,4.4,1.3,13553,7918,1.2,1.3,,,94,0.4,23602,1881,47.1,,,,51.9,,,,38.6,,,
0500000US27079,27079,"Le Sueur County, Minnesota",10805,166,75481,2224,81,1.3,75565,2430,25.3,1.6,12962,1822,31,1.2,19488,719,3.2,0.7,9130,877,2,0.5,2216,620,16.5,1.2,20181,1461,7528,210,88585,2537,11.1,1,49571,4132,25.8,2.1,59082,3427,43.8,2.1,106091,5076,4.6,0.9,73965,5985,13.3,1.4,127665,6950,1.3,0.4,72063,11788,27650,,29714,675,95.7,0.8,30237,727,0.8,0.2,7510,3897,0.3,0.2,32546,15726,0.5,0.1,26077,5616,0,0.1,,,1.6,0.8,11382,4105,1.1,0.3,27545,8897,5.6,,14348,4810,91.8,0.1,30833,718,26.5,,,,26.7,,,,20,,,
0500000US27081,27081,"Lincoln County, Minnesota",2477,68,63586,3142,73.4,2.3,65779,3956,31.3,2.2,15318,3977,39.8,2.4,16246,541,3.9,0.9,8041,1338,1.6,0.5,2346,1031,12.7,1.3,17764,1671,1580,64,75138,3530,15.4,2,40912,5059,23.5,2.9,53794,7693,46.1,3.2,91498,6131,4.4,1.7,76663,17283,9.4,2,104860,12958,1.1,0.8,66053,20675,5793,,27946,1424,97.6,0.4,28370,1469,0.2,0.2,9631,5190,0.7,0.4,16074,6527,0.1,0.1,,,0,0.3,,,0.7,0.4,10688,4562,0.7,0.3,7873,5496,1.6,,11268,4569,97,0.3,28456,1475,35.6,,,,37.5,,,,32.2,,,
0500000US27083,27083,"Lyon County, Minnesota",10072,179,71029,5967,81.9,1.5,71797,7191,25.9,2,12696,2079,26.5,1.4,17792,714,3.1,0.9,10474,1337,3.7,0.7,1957,714,12.6,1.3,22073,3056,6420,205,88838,9019,10.2,1.3,42480,6518,23.5,2.3,54968,5864,48,2.7,101404,6295,6.3,1.4,70727,11708,10.7,1.8,164392,71593,1.3,0.6,70334,16970,25670,,28860,2361,89,0.9,30488,2575,3,0.2,26950,23038,0.5,0.2,13070,5757,3.5,0.3,15887,3840,0,0.1,,,3,0.9,7079,2043,0.9,0.5,7575,4313,6.2,,9476,1395,86.1,0.1,31107,2668,31.7,,,,32,,,,29.6,,,
0500000US27085,27085,"McLeod County, Minnesota",14780,189,68474,2106,79.6,1.1,68877,2513,27.2,1.9,10365,1861,32,1.3,18965,509,2.9,0.8,10012,1576,1.9,0.8,2373,857,16.1,1.6,17275,1891,9893,306,80206,2895,12,1.2,52041,4226,26.5,2.4,51829,4043,40.5,2.5,99948,5801,8.4,1.8,69255,6592,10.5,1.5,114821,6819,2,0.9,90224,20804,35926,,28241,898,95.5,0.7,28853,948,0.2,0.1,9768,11419,0.2,0.2,29556,21676,0.6,0.1,33335,16970,0,0.1,,,1.9,0.7,11240,4236,1.6,0.3,11767,2736,5.5,,14816,2276,92.1,0.1,29305,939,29.5,,,,28.8,,,,23.3,,,
0500000US27087,27087,"Mahnomen County, Minnesota",1977,48,54033,2685,74.7,2,53458,2563,18.6,1.7,15318,4162,38.4,2.2,14865,678,5.2,1,7883,1557,10.4,1.4,4919,526,13.9,2.4,21196,2491,1341,55,61556,2942,16.7,2.2,36263,5445,33.9,2.7,40065,3017,31.5,2.6,84061,7113,6.2,1.2,58400,7775,9.5,1.5,103227,9961,2.3,0.9,90419,14157,5480,,20233,928,47.7,0.6,27368,1491,0.3,0.2,,,41.5,1.3,13115,923,0.4,0.1,12554,5483,0.4,0.3,9541,3197,0.7,0.5,19789,6026,8.9,1.3,16623,2874,3.4,,6153,1769,46.6,0.5,27829,1484,36.1,,,,31.8,,,,28.7,,,
0500000US27089,27089,"Marshall County, Minnesota",3991,85,65977,2682,78.8,1.4,65156,3386,27,2,14907,3058,35.4,1.4,17171,568,3.7,0.8,9349,1134,1.5,0.6,2275,1343,15.9,1.3,15343,1298,2667,75,77305,2783,12.9,1.7,42353,4258,27.2,2.2,64833,6919,44.3,2.4,89549,5138,5.2,1.6,64368,7971,9,1.3,108805,6980,1.3,0.9,100181,16688,9406,,28194,938,97.5,0.3,28615,954,0.2,0.1,16362,7851,0.3,0.2,22163,12238,0.2,0.2,23815,18715,0,0.1,,,0.3,0.2,18256,8676,1.4,0.3,5932,3743,4.1,,12587,2179,93.9,0.1,29252,983,23,,,,23.8,,,,18.6,,,
0500000US27091,27091,"Martin County, Minnesota",8777,210,65669,2835,74.3,1.8,65716,3337,25.2,2.2,17822,2365,37.8,2.1,18251,727,4.7,1.2,9996,1834,2.1,0.8,3996,1621,14.3,1.6,22425,3376,5605,166,80145,4367,14.7,2.5,52550,9892,31.3,3.1,58272,5965,39.5,2.9,103178,7697,4.4,1.6,66457,10584,8.4,1.3,108062,8931,1.7,1.2,82970,35764,20193,,29034,1250,97.6,0.3,29334,1317,0.3,0.2,5393,3648,0.1,0.1,12037,15486,0.8,0.4,39721,44915,0,0.1,,,0.2,0.2,7955,3206,1.1,0.4,5920,3916,4,,14888,3218,93.9,0.1,29902,1349,35.5,,,,31.8,,,,30.2,,,
0500000US27093,27093,"Meeker County, Minnesota",9119,145,69637,1676,77.3,1.2,71199,2172,25.5,1.2,12502,2030,33.4,1.1,18142,609,4,0.8,9668,1588,2.6,0.6,2145,636,17.2,1.3,19681,1344,6280,136,81843,2130,14.3,1.3,46954,3986,25.8,1.8,65086,4537,43.2,1.9,98772,3283,5.9,1.1,80404,17262,8.8,1.1,108430,5863,2.1,0.8,68756,14882,23094,,27974,650,97.4,0.3,28413,664,0.5,0.3,13401,4899,0.3,0.2,9736,5262,0.4,0.1,11183,9600,0.1,0.1,,,0.3,0.2,14794,10844,0.9,0.2,7903,3883,3.5,,12748,2571,94.7,0.1,28856,670,28.1,,,,28.2,,,,23.7,,,
0500000US27095,27095,"Mille Lacs County, Minnesota",10012,192,60492,1808,73.4,1.8,61870,2130,18,1.3,12406,4503,36.6,1.4,17372,641,4.5,0.8,8947,754,2.7,0.6,2986,846,18.1,1.6,20316,2238,6743,180,69113,2371,16.9,1.9,38118,3566,30.8,2.6,51964,3460,34.5,2.6,89538,4195,7.7,1.4,73068,9004,8.7,1.2,102753,7334,1.4,0.4,86646,10172,25788,,24489,710,91.1,0.3,25298,787,0.5,0.2,11002,5049,5.1,0.5,15589,1967,0.4,0.1,10171,9819,0,0.1,,,0.3,0.1,72184,35149,2.5,0.6,13093,4134,2,,15480,4488,89.7,0.1,25509,801,28.9,,,,27.9,,,,24.2,,,
0500000US27097,27097,"Morrison County, Minnesota",13275,176,64142,3772,77,1.2,63428,2623,20.9,1,14636,5656,34.7,1.1,16721,653,4.1,0.9,9572,1046,2.5,0.7,2738,1277,18.4,1.3,23002,8350,8999,220,76425,4939,13.8,1.2,56841,25554,26.9,1.7,52346,3034,41.8,1.9,91803,4539,6.2,1,63616,5729,9.5,1.1,110976,7588,1.8,0.6,91938,18218,32850,,26442,1479,97.2,0.2,26857,1512,0.6,0.2,5731,2959,0.1,0.1,26727,14634,0.5,0.1,12947,5010,0,0.1,,,0.4,0.2,12824,3580,1.2,0.2,12736,3493,1.5,,12428,2018,96.2,0.1,26997,1526,34.4,,,,33.8,,,,27.6,,,
0500000US27099,27099,"Mower County, Minnesota",15414,299,67934,2154,75,1.4,68702,2348,25.6,1.5,15602,2384,34.1,1.2,18148,599,4.5,1,8383,732,4.7,1.1,3352,1257,18.6,1.3,22541,5821,10031,308,82276,3109,14.7,1.4,54559,7068,28.8,2.3,59688,6941,36.2,1.9,99383,4528,6.8,1.1,82141,22195,11.8,1.5,116724,6368,1.7,0.6,101998,17321,39248,,27459,877,91.6,0.4,28510,954,3.4,0.5,13915,4044,0.1,0.1,15140,13089,2.1,0.3,17621,4906,0.1,0.2,,,0.8,0.5,18628,10873,1.9,0.6,12757,4046,10.9,,10378,1505,81.5,0.1,30835,1055,25.8,,,,25.7,,,,20.4,,,
0500000US27101,27101,"Murray County, Minnesota",3715,72,65907,2517,74.8,1.5,65823,2849,33.5,1.9,12720,1616,39.7,2.2,17595,728,3.9,1.1,10054,1117,1.4,0.5,3557,1058,14.4,1.5,19431,3434,2375,86,79333,3330,15.7,1.7,47274,4335,24.8,2.4,57778,5230,43.8,2.7,96988,5483,5.1,1.3,74024,13332,9.4,1.5,111683,13395,1.2,0.6,70561,19953,8463,,29084,1094,96.8,0.3,29060,988,0.4,0.2,13763,12337,0.3,0.3,,,0.8,0.4,23832,8960,0.4,0.5,,,0.5,0.3,8726,3183,0.9,0.5,18051,7577,3.4,,11059,2273,94,0.2,29575,1018,32.9,,,,30.5,,,,25.8,,,
0500000US27103,27103,"Nicollet County, Minnesota",12559,253,72155,2577,82.6,1.5,71026,2606,28,1.9,12984,2700,27.8,1.4,18818,819,2.9,0.8,9967,2517,3.8,1.2,3099,784,15.8,1.5,19618,2019,8433,319,85813,3616,9.5,1.3,51657,9779,24.6,2.5,59610,6883,46.2,3.5,99749,4212,7.2,1.5,70917,10846,11.3,1.7,124160,13992,1.1,0.5,84984,21144,33226,,28089,956,93.4,0.3,29155,987,2.9,0.2,7306,3239,0.2,0.1,9278,5129,1.5,0.3,26444,18793,0,0.1,,,0.8,0.3,13950,6941,1.3,0.4,9980,4370,4.2,,16531,2643,90.1,0.2,29595,1027,24.5,,,,21.2,,,,18.9,,,
0500000US27105,27105,"Nobles County, Minnesota",7890,139,65196,2457,80.2,1.6,64303,2728,25.8,1.7,17647,3915,30.4,1.5,17349,635,4.9,1.3,11397,1664,2.9,0.9,1508,356,12,1.4,16019,2146,5493,185,71667,2593,11.7,1.5,46909,5785,27,2.7,45875,4823,41.8,3.4,89333,4093,7.4,1.7,67275,10501,9.2,1.9,99580,10152,2.9,1.2,79884,12497,21729,,24188,861,79.8,2.5,26199,1017,4.2,0.3,14148,3764,0.5,0.2,,,6,0.5,18464,3937,0,0.1,,,8,2.5,14478,2569,1.6,0.6,26800,25491,26.1,,12993,1460,61.2,0.8,30358,1014,37.6,,,,36.5,,,,29.6,,,
0500000US27107,27107,"Norman County, Minnesota",2696,76,62375,2495,75,1.6,61411,2501,24.4,2,20681,3769,38,1.5,15905,624,5.6,1,9516,1152,2.6,0.7,2809,983,14.5,1.5,19202,3331,1810,63,74834,3503,15.9,1.9,49129,10222,31.2,2.7,57854,5279,39.3,2.6,89938,3672,4.4,1.1,54739,7909,8.2,1.5,122397,14144,1,0.5,116639,39556,6638,,26270,949,93,0.7,26928,976,0.8,0.1,5116,4512,1.5,0.5,24798,5507,0.5,0.1,28377,11855,0.2,0.2,,,0.9,0.6,6248,2260,3.2,0.7,19429,7387,4.8,,11162,1423,89.9,0.1,27385,999,29.1,,,,28.5,,,,23.4,,,
0500000US27109,27109,"Olmsted County, Minnesota",58692,518,91080,1431,82.1,0.7,92461,1681,27.9,1,13651,2026,26,0.7,19736,477,3.5,0.5,9399,749,3.2,0.5,3345,754,17.4,0.7,26577,1948,39084,737,109835,2059,11.4,0.7,66849,7189,25.6,1.2,82129,5133,45,1.2,134318,3492,6,0.7,77596,6162,10.1,0.9,141176,6862,1.9,0.4,96775,15497,150104,,36143,533,85.3,0.3,38253,618,5.3,0.3,15253,2476,0.3,0.1,20928,5623,6,0.2,36960,3990,0,0.1,,,1,0.3,18909,4139,2.2,0.4,12461,2330,4.6,,18456,2190,81.7,0.1,39145,636,24,,,,23.1,,,,19.7,,,
0500000US27111,27111,"Otter Tail County, Minnesota",23962,291,67486,1314,72.3,1,67905,1535,27.7,1.1,16431,2082,39.1,0.9,18232,432,4.9,0.6,10889,1348,3,0.6,2024,445,19.4,0.9,22866,1420,16142,359,80988,1888,18.4,1.1,52726,2799,24,1.4,65473,3752,39.5,1.6,93998,2604,6.1,1,77435,16475,10.8,0.9,116853,9463,1.2,0.3,91410,15387,57694,,28781,594,95.6,0.3,29508,612,1.4,0.2,11411,7686,0.4,0.1,26420,7018,0.7,0.1,13656,2975,0,0.1,10086,2432,0.8,0.3,15530,3476,1.2,0.2,8723,2092,3.1,,16919,2779,93.4,0.1,29803,633,28.9,,,,27.9,,,,23.6,,,
0500000US27113,27113,"Pennington County, Minnesota",5923,133,63141,2663,78.1,2.2,64886,3618,19.6,2.1,10569,2092,30.8,2.4,17793,968,4.2,1.2,11033,1640,3.4,1.3,2032,1137,14.7,1.9,18891,2468,3561,158,75011,3260,11.4,2.2,42906,9090,30.2,3.7,54175,7039,36.7,3.9,91427,4650,10.4,3.1,67666,9056,9.2,1.8,114848,8316,2.2,1.3,121383,27021,14156,,26992,1071,93.7,0.4,27336,1143,1.7,0.3,32851,15396,1.5,0.4,17588,6776,0.8,0.3,23662,15337,0.3,0.3,,,0.4,0.2,37277,29018,1.7,0.7,13531,6878,3.4,,16594,4881,91.2,0.2,27690,1156,25.7,,,,24,,,,21.3,,,
0500000US27115,27115,"Pine County, Minnesota",10993,233,56540,1430,70.6,1.4,57131,1945,19.7,1.1,11018,2307,40.7,1.1,17693,473,4.9,0.8,10559,877,4.9,0.8,2363,663,21.3,0.9,20689,864,7008,212,66884,1891,20.1,1.4,41612,2438,31.2,1.4,51504,3215,32,1.6,83126,3141,6.3,1,70645,5297,9.1,1.1,109326,7005,1.2,0.4,114532,27367,29067,,22817,541,91.5,0.3,23727,526,2.1,0.2,12376,6757,2.4,0.3,16487,3355,0.5,0.1,13971,6181,0,0.1,,,0.6,0.2,10160,5871,2.8,0.4,11325,2433,2.8,,8622,2778,89.6,0.1,24014,527,32.1,,,,33.7,,,,28.1,,,
0500000US27117,27117,"Pipestone County, Minnesota",3998,123,63062,5016,74.5,2.3,60340,3728,28.2,2.3,27758,13823,32.6,2.2,16961,874,5.1,1.3,10238,1331,3.9,1.5,2879,1152,14.1,1.9,18233,3094,2633,132,73272,4957,14.9,2.4,45810,13073,27.3,3.4,54840,8534,43.6,3.9,90834,8395,3.7,1.4,78665,26697,9.8,2.4,86246,7115,0.6,0.6,72456,6866,9285,,27489,2349,92.7,1.1,28698,2475,1.3,0.3,8645,7687,1.3,0.6,12485,5248,1,0.2,27575,6310,0,0.2,,,1.3,1.3,12973,5445,2.3,1.5,6818,3822,5.3,,10750,2012,90.3,0.1,29089,2568,35.7,,,,37.5,,,,29.3,,,
0500000US27119,27119,"Polk County, Minnesota",12608,238,65986,1816,76.1,1.3,67665,2026,23.5,1.5,14588,2236,33.1,1.3,17087,677,4.4,0.9,10037,1202,4.3,1.1,2249,520,16.3,1.2,19649,1926,7962,236,82553,2573,12,1.2,47951,5953,27.3,2.4,57797,4728,41.6,2.3,97159,3943,5.8,1.1,63585,5789,11,1.5,130421,8245,2.3,0.9,111598,11436,31550,,27231,627,93.1,0.5,28402,694,1.4,0.2,11834,4137,1.2,0.3,13427,4549,0.8,0.2,13162,7013,0.1,0.1,13031,10318,1,0.4,12606,4478,2.5,0.5,9353,3632,6,,15799,2741,88.6,0.1,28946,703,26.9,,,,28.6,,,,23.7,,,
0500000US27121,27121,"Pope County, Minnesota",4815,126,69227,3540,73.6,2.1,67367,4080,26.8,2.1,18688,3938,38.8,1.8,18069,719,3.6,0.8,11657,1431,2.2,0.8,3446,2025,18.7,1.7,28946,2932,3156,121,82319,4830,16.4,2.1,47875,6960,23.7,2.3,69188,5812,40.8,2.5,99887,7852,7.9,1.7,68960,8477,9.4,1.5,107909,7616,1.8,0.8,95698,22106,10975,,30485,1399,97.3,0.2,31045,1444,0.4,0.2,8516,7143,0.4,0.1,17883,6604,0.3,0.1,24121,4650,0,0.2,,,0.5,0.3,6207,4706,1,0.2,4979,2983,1.2,,15829,6053,96.7,0.1,31088,1437,29.6,,,,28.9,,,,24.2,,,
0500000US27123,27123,"Ramsey County, Minnesota",207327,849,77966,897,79.6,0.4,79112,936,24.2,0.5,16181,1461,27.2,0.4,18735,308,5.5,0.3,9325,259,5.5,0.3,2964,214,16.8,0.4,24768,791,121263,1147,95881,1410,12.3,0.5,58802,3445,29.2,0.8,65999,2472,37.4,0.9,126995,2623,9.7,0.5,73164,3291,8.5,0.5,139706,5252,3,0.3,99451,9371,531528,,31256,345,68.3,0.2,38276,445,11.2,0.2,16335,1057,0.6,0.1,20013,4155,13.6,0.1,16837,564,0,0.1,12107,6815,2,0.2,16297,2675,4.2,0.3,12457,982,7.3,,16059,927,64,0.1,39745,467,24.5,,,,24.7,,,,20,,,
0500000US27125,27125,"Red Lake County, Minnesota",1676,62,60233,2786,76,2.3,61877,3494,28.7,2.5,7376,1903,34.5,2,16505,837,4.8,1.7,8528,1016,4.8,1.9,1159,388,16.8,2,21094,2991,1057,55,73743,4062,13,2.4,37926,5439,26.2,3.2,53071,6039,43.5,4,87719,7859,5.2,1.9,57593,14077,11.2,2.2,114025,9745,0.9,0.9,107650,8266,4042,,25732,986,95.2,0.5,26455,1040,0.6,0.4,,,1.6,0.8,9842,2656,0.3,0.2,19175,4872,0,0.4,,,0.7,0.3,30741,7350,1.7,0.6,6319,3472,3.2,,12290,2479,92.9,0.3,26874,1070,29,,,,33.4,,,,24.4,,,
0500000US27127,27127,"Redwood County, Minnesota",6262,132,64022,2099,75.6,1.5,63759,2205,30.2,1.7,17625,3313,34.2,1.3,17738,707,4.2,1.1,10262,1941,3.4,0.8,2718,940,11.1,1.3,18515,2290,3995,124,76632,2814,17.4,1.9,39746,3455,25.3,2.5,57572,5193,40.4,2.6,97405,5726,5.9,1.3,80347,11361,9.3,1.5,102629,9581,1.8,0.7,88586,13833,15578,,26716,818,89.4,0.4,28133,839,0.7,0.1,10605,4586,4.9,0.3,18147,2800,3.1,0.1,10036,2094,0,0.1,,,0.9,0.4,19239,7382,0.9,0.3,11037,4018,2.9,,12443,1741,87.7,0.1,28442,868,29,,,,30.9,,,,25.9,,,
0500000US27129,27129,"Renville County, Minnesota",6188,164,71051,2394,75.1,1.5,72251,3082,25.8,1.5,23522,4220,34.8,1.5,17712,482,3.5,0.9,9341,1064,2.6,0.6,2604,1019,11.9,1.2,21845,5788,4015,125,85492,3275,13.9,1.5,44366,4437,26.1,2.3,62569,5649,44.3,2.4,105462,4959,5,1.1,71186,8020,9.6,1.4,121087,12855,1.1,0.6,97022,15931,14995,,30089,1091,93.4,0.9,31192,1145,0.3,0.2,14269,9792,1.4,0.4,14295,5685,0.5,0.2,10943,3862,0,0.1,,,3.4,0.8,14812,3759,1.1,0.4,15903,6159,7.6,,11994,1533,89.4,0.1,32106,1199,31.2,,,,31.2,,,,26.1,,,
0500000US27131,27131,"Rice County, Minnesota",22654,355,76639,1999,81.1,1,76013,2160,23.9,1.3,15987,2465,30.2,1.2,18384,651,5.1,1,8276,593,2.5,0.6,2630,677,17.5,1.2,22138,1810,15531,435,90117,2707,11.4,1.2,52345,5860,27.9,1.7,64226,5063,42.1,1.7,105990,4059,6.8,1.1,85123,18638,10.2,1.2,132127,11479,1.6,0.5,148621,47697,65116,,27856,702,88.7,0.8,29934,743,4.2,0.3,9823,1842,0.4,0.1,12658,7300,2.2,0.2,15803,5189,0.1,0.1,11582,6403,2.6,0.7,11980,3070,1.8,0.5,9012,2646,7.8,,12951,1427,84.1,0.1,30824,781,26.1,,,,24.3,,,,22,,,
0500000US27133,27133,"Rock County, Minnesota",3932,111,67489,4905,79,2,66347,5595,28,2.6,18056,4719,35.1,1.7,17371,891,4,1.1,12370,3079,2.9,1.3,2178,816,14.5,2,17378,2826,2663,128,79755,6238,11.1,1.6,48203,7730,25.4,3.4,55246,4644,46.5,3.6,89881,5407,5.2,1.3,106545,90555,11.3,2.1,112574,8285,0.5,0.4,67707,18777,9554,,27634,1649,96.4,0.4,28171,1649,0.8,0.3,14227,8812,0.7,0.1,18206,26953,0.9,0.1,19416,12598,0,0.2,,,0.5,0.3,10298,3946,0.8,0.3,2961,2586,2.6,,10983,2461,94.5,0.2,28488,1685,28.8,,,,28.7,,,,23.2,,,
0500000US27135,27135,"Roseau County, Minnesota",6106,117,68265,2408,81.2,1.3,69682,2723,24.2,1.5,10323,2340,30.8,1.4,17153,592,3,0.8,9186,835,1.8,0.7,1939,829,11.9,1.1,21988,5270,4176,130,80206,3358,11.8,1.2,44157,7178,24.4,2.4,57814,4904,42.2,2.3,91475,4936,7,1.5,77260,14122,12.7,1.5,118223,11975,1.9,0.9,98749,32510,15609,,27307,979,93.3,0.2,28136,1029,0.7,0.1,8991,3664,1.4,0.4,14549,6667,2.8,0.2,17782,3065,0,0.1,,,0.2,0.1,11808,2345,1.5,0.5,16485,5847,1.1,,12624,2967,92.8,0.1,28217,1033,37.7,,,,37.8,,,,31,,,
0500000US27137,27137,"St. Louis County, Minnesota",85059,708,64470,1140,72.3,0.7,67342,1339,21.1,0.5,11506,1302,34.5,0.6,18426,251,6.2,0.4,10569,402,4.3,0.4,2881,282,23,0.5,21342,535,49347,638,81662,1627,17.8,0.7,47542,2054,29.9,1.1,65497,3719,34.4,1.1,105787,3116,7.8,0.8,73243,4287,8.6,0.6,120556,5653,1.5,0.3,75709,7533,200353,,28013,507,92.5,0.1,29172,538,1.5,0.1,8748,1226,1.9,0.2,15744,1725,1.1,0.1,18970,4596,0,0.1,26909,14504,0.3,0.1,17292,4883,2.6,0.2,12315,2370,1.5,,14494,1829,91.6,0.1,29311,543,28.6,,,,26.9,,,,23.7,,,
0500000US27139,27139,"Scott County, Minnesota",47154,383,107134,2165,87.8,0.6,109163,2480,23.9,1.2,13742,2212,19.7,0.7,19828,599,2.7,0.5,9543,1086,1.9,0.4,3085,787,11.5,0.7,23149,1501,36352,556,119591,2675,7.4,0.7,62669,7551,21.8,1.3,90085,7168,48.7,1.5,137924,3488,7.5,1,89995,11199,12.8,1,152336,5770,1.8,0.4,106241,11821,139490,,37113,720,84.8,0.4,39398,835,3,0.3,21733,3100,0.7,0.1,49613,15726,5.9,0.2,31251,2737,0.1,0.1,20611,6037,2.3,0.5,13669,2654,3.2,0.4,16381,3556,4.7,,19492,3312,82.9,0.1,39654,876,23.3,,,,22.8,,,,18.5,,,
0500000US27141,27141,"Sherburne County, Minnesota",30781,446,89393,2678,86.4,0.9,90117,2912,19.2,1.6,10426,2275,22.2,1,19869,791,3,0.7,11703,1326,2,0.5,2888,596,14.7,1.2,22904,2262,23597,509,96269,3482,8.6,1.1,47380,4971,23.2,2,64600,4697,46.9,2.1,113749,5112,8.3,1.4,78562,8521,11.5,1.2,133590,8757,1.5,0.5,132822,26661,91188,,31182,906,93.7,0.5,32060,941,2.1,0.3,8214,2289,0.5,0.2,17642,7523,1.1,0.2,27510,8940,0,0.1,,,0.5,0.3,13579,6868,2,0.4,23444,8373,2.4,,16760,4547,92.3,0.1,32290,943,28.8,,,,28.6,,,,23.3,,,
0500000US27143,27143,"Sibley County, Minnesota",6009,87,71101,2309,80,1.3,71388,2832,30.5,1.7,14144,1460,32,1.2,18105,507,3.6,0.8,10098,1510,2.2,0.6,3486,1406,13.5,1.2,16010,1568,4117,126,83546,3208,11.3,1.1,47884,4530,24.1,2.8,55002,5220,44.1,2.6,99983,4563,6.8,1.4,62610,5344,12.5,1.5,124253,12224,1.3,0.5,83293,13646,14957,,28811,747,96.8,0.5,29287,779,0.5,0.1,10586,4630,0.2,0.1,9766,7623,0.6,0.1,24798,22906,0,0.1,,,0.9,0.5,17227,4359,1,0.2,7797,2101,8.3,,12921,3187,89.5,0.1,30650,822,30.1,,,,29.5,,,,23.9,,,
0500000US27145,27145,"Stearns County, Minnesota",57695,536,71500,1111,82,0.7,71731,1441,22.6,0.8,12579,1573,26.6,0.6,18183,427,4,0.4,8908,485,2.8,0.4,2381,404,14.5,0.7,21819,1502,37075,618,86050,1811,12.2,0.7,49121,3655,25.8,1.3,65612,5186,41.8,1.3,104005,2657,7.3,0.9,66314,6148,10.9,0.7,120745,3463,1.9,0.4,81888,7649,153661,,27792,465,90.1,0.2,29385,497,4.5,0.2,10161,1388,0.3,0.1,19978,13025,2,0.2,19378,4297,0,0.1,,,1.3,0.2,12993,3202,1.7,0.3,12967,2964,3.1,,13924,1907,88.6,0.1,29656,508,32.7,,,,30.5,,,,29.5,,,
0500000US27147,27147,"Steele County, Minnesota",14354,229,71485,2442,77.6,1.6,74713,3065,23.7,1.5,12963,1947,31.2,1.5,17986,828,4,1.1,12634,1993,2.3,0.6,2266,543,16.8,1.4,17860,1854,9686,276,85076,3397,14.3,1.7,44866,4227,24.4,2.5,61157,4949,44.6,2.7,106796,6648,5.5,1.3,56935,6745,9.6,1.7,122129,8795,1.6,0.6,78208,16557,36541,,28736,836,90.6,0.9,30508,902,3,0.3,8733,2122,0.1,0.1,6590,7378,1.2,0.4,15269,7995,0,0.1,,,3.7,1,13311,2680,1.4,0.4,11167,4553,7.2,,14439,2140,87.6,0.1,30926,937,24.6,,,,22.7,,,,19.7,,,
0500000US27149,27149,"Stevens County, Minnesota",3567,122,69871,3688,77.7,3.1,68929,3174,32.4,3.6,12554,2176,32,2.8,17901,1064,4.2,1.7,8743,1646,2.5,1.4,1972,1303,12.4,2.2,38092,21113,2168,128,88054,4253,13.1,2.5,43191,7692,20.2,3.1,68692,9269,48,4,98167,5568,6.5,2.1,86220,25301,11.5,2.7,129871,12397,0.6,0.7,125471,160300,9762,,26625,1513,93.4,0.6,26793,1075,0.8,0.6,137260,84113,1.9,1,5668,3710,1.7,0.4,2979,1716,0.1,0.2,,,0.4,0.3,6650,10857,1.6,0.8,15176,16933,4.6,,13089,2314,89.7,0.2,27303,1111,27.6,,,,28.8,,,,26.3,,,
0500000US27151,27151,"Swift County, Minnesota",4177,121,63889,3260,75.3,2.4,64221,4085,25.4,2.3,15962,2782,38.4,2.2,16302,732,4.3,1.2,9179,1297,3.4,1.2,2306,670,13.7,1.7,21524,10113,2660,111,76918,4931,14,2.6,40226,4277,31.1,3,63183,9072,41.4,3.3,92718,5090,4.8,1.7,50427,6406,8.3,2.2,127693,18385,0.4,0.3,61009,17634,9483,,28969,1489,95.7,0.9,29604,1511,1.8,0.7,9984,8867,0.2,0.2,,,0.2,0.2,10229,3540,0,0.2,,,1.5,0.9,17965,7181,0.6,0.6,25820,10930,4.3,,15547,3372,93,0.2,30058,1539,33,,,,33.5,,,,28.2,,,
0500000US27153,27153,"Todd County, Minnesota",9866,194,58886,1522,74.4,1,59554,1836,24.2,1.3,7785,962,37.1,1.1,17603,472,5.3,0.7,10470,779,2.7,0.5,1817,377,17.9,1.2,21270,1949,6571,188,69158,2185,16.1,1.1,43428,2170,29.2,1.9,46206,2750,37.3,2.3,88487,4314,6.3,1,66736,7242,9.8,1.1,103406,5770,1.2,0.4,103015,13078,24335,,24410,609,95.6,0.9,24850,657,0.3,0.1,10349,5882,0.2,0.1,18362,7873,0.5,0.1,17630,4128,0,0.1,,,1.4,0.9,18636,4022,2,0.3,11677,3145,5.3,,11554,1581,91.9,0.1,25472,685,36.3,,,,35.1,,,,28.6,,,
0500000US27155,27155,"Traverse County, Minnesota",1544,68,67070,3560,71.8,3.5,64163,4301,34.8,3.2,24165,7208,41.5,3,16012,943,4.5,1.6,11600,2847,3.2,1.5,3194,1422,16.9,2.7,20314,2367,981,65,81554,5061,17.9,3.8,,,28.4,4,,,39.1,3.7,,,3.2,2,,,9.4,2.9,,,1.9,1.7,,,3397,,30992,1861,92.7,0.6,32391,1997,0.4,0.4,8280,3207,4,1.6,16808,5898,0,0.5,,,0,0.5,,,0.5,0.6,,,2.4,1.5,8354,5282,2.3,,15643,7880,91,0.5,32680,2064,31.3,,,,33.1,,,,27.1,,,
0500000US27157,27157,"Wabasha County, Minnesota",9004,170,75086,4000,78.9,1.4,75112,4581,27.3,1.6,14478,2801,34.6,1.5,18280,760,2.4,0.6,9479,1514,1.6,0.5,4384,3260,20,1.4,18601,1495,6202,193,85238,3124,13.2,1.3,56697,5496,24.6,2.1,62138,7104,42.5,2.4,102415,4205,7.5,1.8,61345,10240,10.7,1.4,120116,8317,1.5,0.6,100062,16687,21327,,31464,1652,97.3,0.3,31591,1681,0.2,0.1,9624,2863,0.2,0.2,31394,15078,0.4,0.1,20817,8974,0,0.1,,,0.3,0.2,26635,13451,1.5,0.2,30279,22585,2.9,,17075,6522,94.9,0.1,32003,1712,27.9,,,,28.3,,,,21.3,,,
0500000US27159,27159,"Wadena County, Minnesota",5657,162,52352,2599,71.5,2.5,53260,3357,20.9,2.2,6123,1194,40.1,2.4,17418,731,5.8,1.8,7548,1440,6,1.7,2446,498,18.6,2,20000,1895,3483,170,61931,3511,19.1,2.7,36198,4571,31.9,4.3,49018,4943,31.7,3.3,79425,5321,9.1,3,69988,20275,7.8,1.4,94318,7860,0.5,0.3,107906,58632,13755,,22283,1064,96.4,0.2,22849,1112,0.8,0.4,9539,3763,0.9,0.3,7617,5351,0.3,0.2,6071,4405,0,0.1,,,0.2,0.1,13775,8423,1.5,0.5,4799,2453,1.7,,10606,2227,94.9,0.1,23046,1126,36,,,,37,,,,31.8,,,
0500000US27161,27161,"Waseca County, Minnesota",7329,150,68488,3017,79.6,1.7,69540,3562,21.8,1.9,15195,3045,32.4,1.9,17539,900,3.6,1,8933,1742,2.3,0.8,4394,2134,13,1.4,16951,2101,4992,220,82941,4182,12.4,1.5,45969,6102,24.7,3.1,63548,12797,43,3.2,94514,5009,5,1.8,59960,9651,13.6,2.2,120384,8650,1.3,1.1,117575,47823,19034,,27179,1311,93.3,0.7,27783,1124,2.7,0.4,10884,5313,0.7,0.3,6373,4299,0.5,0.3,17544,9320,0,0.1,,,1.2,0.5,61892,70048,1.7,0.7,6796,2627,5.7,,21172,16014,89.4,0.1,28477,1151,22,,,,22,,,,21.8,,,
0500000US27163,27163,"Washington County, Minnesota",91282,613,106762,1677,83,0.8,107090,1750,28.8,0.8,18971,2324,26.6,0.7,20704,415,2.5,0.3,9944,668,1.9,0.3,3236,676,19.6,0.7,26694,908,66293,865,122537,2315,11.2,0.6,75186,6134,25.5,1,100024,5623,41.1,1.2,143487,3042,8.1,0.6,100346,7377,12.2,0.7,158499,7209,2,0.4,113612,13414,248745,,39873,597,86.8,0.2,41944,679,3.9,0.2,22894,2468,0.4,0.1,31163,14412,5.1,0.3,34717,2754,0,0.1,19008,19719,0.8,0.2,20616,4604,3,0.3,16991,3376,3.8,,23070,1831,84.2,0.1,42490,692,23.6,,,,23.2,,,,19,,,
0500000US27165,27165,"Watonwan County, Minnesota",4465,112,62605,3198,79.7,2.3,61679,3474,23.4,1.8,17793,3645,31.9,2.1,17268,863,3,1.2,10982,1044,2.2,1,1313,257,12.6,1.8,15675,1919,2853,150,75698,4077,10.9,1.7,40096,3713,30.5,4.1,49326,5533,36.5,3.4,96361,6987,7,2.6,55933,5813,11.5,2.5,117964,13845,3.6,2.2,101707,19157,10996,,26273,1083,90.7,3.1,27428,1310,0.6,0.4,6587,15651,0.5,0.3,24190,10335,1.2,0.2,15360,3880,0,0.2,,,6.3,3.1,15110,6333,0.8,0.4,15757,6511,22.6,,15181,1551,74.8,0.2,30061,1303,36.9,,,,36.1,,,,31,,,
0500000US27167,27167,"Wilkin County, Minnesota",2871,74,61926,2961,77,2.7,61192,3335,24.4,2.9,18413,5962,34.9,2.1,16751,1448,4.6,1.6,10467,1553,4.6,2,1226,668,16,2.8,13520,2221,1826,101,76513,4705,11.4,2.3,53703,14032,25.8,4.5,46234,4535,46.9,4.5,94787,6971,7.1,2.7,54053,9079,7.9,1.8,117547,10681,0.8,0.6,101807,30845,6479,,27814,1294,95.3,1,28502,1382,0.7,0.6,9574,7222,1.5,1.1,13743,8157,0,0.3,,,0,0.3,,,0.1,0.1,,,2.3,1,15758,6835,1.3,1,11721,4336,94.3,0.1,28656,1336,28.9,,,,29.5,,,,24.9,,,
0500000US27169,27169,"Winona County, Minnesota",19078,379,65980,2133,80.5,1.2,64335,2120,25.5,1.4,15024,4875,30.2,1.1,18129,625,3.1,0.6,9781,939,2.5,0.6,2938,1234,15.4,0.9,20935,1696,11491,341,84051,3244,13.8,1.4,63340,13953,23.5,2.2,57292,4546,42.4,2,101402,4100,6.6,1.3,73879,14224,12.1,1.4,105700,4247,1.6,0.6,75975,21967,51145,,25967,798,93.9,0.3,26621,834,1.5,0.2,10305,4666,0.3,0.1,16342,8249,2.6,0.2,18177,3996,0,0.1,,,0.5,0.2,24050,11502,1.2,0.3,14391,5983,2.7,,12682,1666,91.7,0.1,26973,854,28.8,,,,27,,,,23.2,,,
0500000US27171,27171,"Wright County, Minnesota",45887,366,87060,1781,84.9,0.9,88753,2025,20.3,1.1,10667,1545,24,0.8,19504,638,2.9,0.5,11241,1087,2.2,0.4,4316,1131,13.7,0.9,21954,1924,34931,563,96887,2246,9.8,0.9,50613,3740,23.9,1.5,73472,5150,44.5,1.6,112299,2922,7.4,1,77876,5517,12.2,1,132806,8041,2.1,0.6,110682,11885,129922,,31154,604,94.7,0.3,31805,635,1.1,0.2,15907,5917,0.3,0.1,23997,12003,1.1,0.2,28064,6266,0,0.1,,,0.9,0.3,16393,4523,1.8,0.3,17077,3048,2.7,,15042,2435,93.1,0.1,32116,632,29.7,,,,29.1,,,,23,,,
0500000US27173,27173,"Yellow Medicine County, Minnesota",4174,97,65748,2845,78.2,1.8,65114,3270,29.7,2.5,13542,2108,34.1,2.1,16657,621,4.2,1,8113,626,2.8,0.8,2732,899,14,2,16609,1578,2858,96,76094,3971,14,1.8,45851,5469,27.9,2.5,59464,5269,42.8,2.8,91209,5702,5,1.2,64137,14070,10,1.4,105150,9654,0.3,0.2,105689,35122,10038,,27686,1031,92.5,0.6,28420,1070,0.2,0.2,18838,12977,3.3,1,21489,7151,0.6,0.1,11013,5651,0,0.2,,,1.3,0.5,19307,5491,2,0.7,15612,4545,4.1,,12139,2556,90.6,0.2,28832,1093,37.3,,,,36.9,,,,31,,,
